{
	"name": "looper",
	"title": "Looper.js",
	"version": "1.1.1",
	"description": "An intuitive, lightweight carousel solution. No coding required.",
	"keywords": [
		"cycle",
		"carousel",
		"slideshow",
		"rotate",
		"slide",
		"slider",
		"animation",
		"data-api",
		"fade",
		"aria",
		"loop"
	],
	"author": {
		"name": "Ry Racherbaumer",
		"email": "ry@rygine.com",
		"url": "rygine.com"
	},
	"licenses": [{
		"type": "Apache-2.0",
		"url": "http://opensource.org/licenses/Apache-2.0"
	}],
	"dependencies": {
		"jquery": "~1.8"
	},
	"homepage": "https://github.com/rygine/looper",
	"docs": "http://rygine.com/projects/looper.js/docs",
	"demo": "http://rygine.com/projects/looper.js/docs",
	"bugs": "https://github.com/rygine/looper/issues"
}